id,name,model_id:id,group_id:id,perm_read,perm_write,perm_create,perm_unlink
access_ipfarm_bibit_admin,ipfarm.bibit admin,model_ipfarm_bibit,base.group_system,1,1,1,1
access_ipfarm_bibit_user,ipfarm.bibit user,model_ipfarm_bibit,ip_farmbook.group_ipfarm_user,1,0,0,0
access_ipfarm_bibit_seedling,ipfarm.bibit seedling,model_ipfarm_bibit,ip_farmbook.group_ipfarm_seedling,1,1,1,0
access_ipfarm_bibit_management,ipfarm.bibit management,model_ipfarm_bibit,ip_farmbook.group_ipfarm_management,1,1,1,1
access_ipfarm_ruangan_admin,ipfarm.ruangan admin,model_ipfarm_ruangan,base.group_system,1,1,1,1
access_ipfarm_ruangan_user,ipfarm.ruangan user,model_ipfarm_ruangan,ip_farmbook.group_ipfarm_user,1,0,0,0
access_ipfarm_ruangan_seedling,ipfarm.ruangan seedling,model_ipfarm_ruangan,ip_farmbook.group_ipfarm_seedling,1,1,1,0
access_ipfarm_ruangan_management,ipfarm.ruangan management,model_ipfarm_ruangan,ip_farmbook.group_ipfarm_management,1,1,1,1
access_ipfarm_penanaman_admin,ipfarm.penanaman admin,model_ipfarm_penanaman,base.group_system,1,1,1,1
access_ipfarm_penanaman_user,ipfarm.penanaman user,model_ipfarm_penanaman,ip_farmbook.group_ipfarm_user,1,0,0,0
access_ipfarm_penanaman_seedling,ipfarm.penanaman seedling,model_ipfarm_penanaman,ip_farmbook.group_ipfarm_seedling,1,1,1,0
access_ipfarm_penanaman_production,ipfarm.penanaman production,model_ipfarm_penanaman,ip_farmbook.group_ipfarm_production,1,0,0,0
access_ipfarm_penanaman_management,ipfarm.penanaman management,model_ipfarm_penanaman,ip_farmbook.group_ipfarm_management,1,1,1,1
access_ipfarm_produk_admin,ipfarm.produk admin,model_ipfarm_produk,base.group_system,1,1,1,1
access_ipfarm_produk_user,ipfarm.produk user,model_ipfarm_produk,ip_farmbook.group_ipfarm_user,1,0,0,0
access_ipfarm_produk_production,ipfarm.produk production,model_ipfarm_produk,ip_farmbook.group_ipfarm_production,1,1,0,0
access_ipfarm_produk_processing,ipfarm.produk processing,model_ipfarm_produk,ip_farmbook.group_ipfarm_processing,1,1,0,0
access_ipfarm_produk_management,ipfarm.produk management,model_ipfarm_produk,ip_farmbook.group_ipfarm_management,1,1,1,1
access_ipfarm_batch_admin,ipfarm.batch admin,model_ipfarm_batch,base.group_system,1,1,1,1
access_ipfarm_batch_user,ipfarm.batch user,model_ipfarm_batch,ip_farmbook.group_ipfarm_user,1,0,0,0
access_ipfarm_batch_seedling,ipfarm.batch seedling,model_ipfarm_batch,ip_farmbook.group_ipfarm_seedling,1,1,1,0
access_ipfarm_batch_production,ipfarm.batch production,model_ipfarm_batch,ip_farmbook.group_ipfarm_production,1,1,1,0
access_ipfarm_batch_management,ipfarm.batch management,model_ipfarm_batch,ip_farmbook.group_ipfarm_management,1,1,1,1
access_ipfarm_estimasi_admin,ipfarm.estimasi admin,model_ipfarm_estimasi_panen_history,base.group_system,1,1,1,1
access_ipfarm_estimasi_user,ipfarm.estimasi user,model_ipfarm_estimasi_panen_history,ip_farmbook.group_ipfarm_user,1,0,0,0
access_ipfarm_estimasi_production,ipfarm.estimasi production,model_ipfarm_estimasi_panen_history,ip_farmbook.group_ipfarm_production,1,1,1,0
access_ipfarm_estimasi_management,ipfarm.estimasi management,model_ipfarm_estimasi_panen_history,ip_farmbook.group_ipfarm_management,1,1,1,1
access_ipfarm_panen_admin,ipfarm.panen admin,model_ipfarm_panen,base.group_system,1,1,1,1
access_ipfarm_panen_user,ipfarm.panen user,model_ipfarm_panen,ip_farmbook.group_ipfarm_user,1,0,0,0
access_ipfarm_panen_production,ipfarm.panen production,model_ipfarm_panen,ip_farmbook.group_ipfarm_production,1,1,1,0
access_ipfarm_panen_management,ipfarm.panen management,model_ipfarm_panen,ip_farmbook.group_ipfarm_management,1,1,1,0
access_ipfarm_pemrosesan_admin,ipfarm.pemrosesan admin,model_ipfarm_pemrosesan,base.group_system,1,1,1,1
access_ipfarm_pemrosesan_user,ipfarm.pemrosesan user,model_ipfarm_pemrosesan,ip_farmbook.group_ipfarm_user,1,0,0,0
access_ipfarm_pemrosesan_processing,ipfarm.pemrosesan processing,model_ipfarm_pemrosesan,ip_farmbook.group_ipfarm_processing,1,1,1,0
access_ipfarm_pemrosesan_management,ipfarm.pemrosesan management,model_ipfarm_pemrosesan,ip_farmbook.group_ipfarm_management,1,1,1,0
access_ipfarm_histori_stok_admin,ipfarm.histori_stok admin,model_ipfarm_histori_stok,base.group_system,1,1,1,1
access_ipfarm_histori_stok_user,ipfarm.histori_stok user,model_ipfarm_histori_stok,ip_farmbook.group_ipfarm_user,1,0,0,0
access_ipfarm_histori_stok_production,ipfarm.histori_stok production,model_ipfarm_histori_stok,ip_farmbook.group_ipfarm_production,1,0,1,0
access_ipfarm_histori_stok_processing,ipfarm.histori_stok processing,model_ipfarm_histori_stok,ip_farmbook.group_ipfarm_processing,1,0,1,0
access_ipfarm_histori_stok_management,ipfarm.histori_stok management,model_ipfarm_histori_stok,ip_farmbook.group_ipfarm_management,1,1,1,1
access_ipfarm_dashboard_admin,ipfarm.dashboard admin,model_ipfarm_dashboard_wizard,base.group_system,1,1,1,1
access_ipfarm_dashboard_management,ipfarm.dashboard management,model_ipfarm_dashboard_wizard,ip_farmbook.group_ipfarm_management,1,1,1,1
access_ipfarm_report_admin,ipfarm.report admin,model_ipfarm_report_wizard,base.group_system,1,1,1,1
access_ipfarm_report_finance,ipfarm.report finance,model_ipfarm_report_wizard,ip_farmbook.group_ipfarm_finance,1,1,1,1
access_ipfarm_report_management,ipfarm.report management,model_ipfarm_report_wizard,ip_farmbook.group_ipfarm_management,1,1,1,1
